{"stats":{"minecraft:dropped":{"minecraft:iron_sword":3,"minecraft:lapis_lazuli":34,"minecraft:diamond_axe":1,"minecraft:oak_log":32,"minecraft:glow_ink_sac":4,"minecraft:glass_bottle":2,"minecraft:diamond":13,"minecraft:leather":2,"minecraft:cracked_stone_bricks":3,"minecraft:dirt":9,"minecraft:polished_blackstone_pressure_plate":1,"aether:iron_pendant":3,"minecraft:gold_nugget":10,"minecraft:sugar":1,"minecraft:iron_pickaxe":3,"minecraft:white_wool":8,"minecraft:cyan_carpet":1,"minecraft:gold_ingot":3,"minecraft:gravel":1,"minecraft:stone_axe":2,"minecraft:cobbled_deepslate":1,"minecraft:netherite_sword":1,"minecraft:wheat":4,"minecraft:rotten_flesh":94,"minecraft:oak_planks":23,"minecraft:cooked_mutton":22,"minecraft:quartz_bricks":5,"aether:ambrosium_shard":1,"minecraft:chiseled_stone_bricks":3,"minecraft:gunpowder":3,"minecraft:stone_brick_wall":3,"minecraft:arrow":112,"minecraft:stone_brick_stairs":1,"minecraft:water_bucket":2,"minecraft:golden_boots":1,"minecraft:iron_ingot":1,"minecraft:bread":72,"minecraft:wheat_seeds":31,"securitycraft:blacklist_module":1,"minecraft:diamond_leggings":1,"minecraft:iron_helmet":3,"minecraft:feather":2,"minecraft:cobblestone":5,"minecraft:coal":31,"minecraft:yellow_carpet":2,"minecraft:stick":7,"minecraft:gray_wool":3,"minecraft:torch":1,"minecraft:diamond_helmet":1,"minecraft:iron_axe":1,"minecraft:paper":1,"minecraft:string":13,"minecraft:bucket":1,"minecraft:dandelion":3,"minecraft:coarse_dirt":3,"minecraft:stone_sword":1,"minecraft:bowl":1,"minecraft:light_gray_wool":2,"minecraft:iron_boots":1,"minecraft:flint_and_steel":1,"minecraft:filled_map":1,"minecraft:diamond_sword":3,"minecraft:shield":5,"aether:chainmail_gloves":1,"minecraft:diamond_chestplate":1,"minecraft:spruce_planks":34,"minecraft:diamond_pickaxe":3,"minecraft:iron_chestplate":4,"minecraft:mossy_stone_bricks":1,"minecraft:spider_eye":6,"minecraft:spruce_log":29,"minecraft:diamond_boots":1,"minecraft:bow":1,"minecraft:stone_pickaxe":1,"minecraft:wooden_pickaxe":2,"minecraft:raw_gold":5},"minecraft:crafted":{"minecraft:oak_planks":300,"minecraft:cooked_chicken":41,"minecraft:diamond_shovel":1,"travelersbackpack:diamond":1,"minecraft:bookshelf":15,"minecraft:cooked_mutton":40,"minecraft:glass":28,"minecraft:diamond_helmet":3,"minecraft:bow":4,"minecraft:diamond_leggings":2,"minecraft:iron_boots":6,"minecraft:chest":13,"minecraft:stone_hoe":1,"minecraft:smoker":5,"minecraft:arrow":8,"minecraft:cooked_porkchop":85,"minecraft:diamond_axe":2,"minecraft:crafting_table":29,"minecraft:spruce_planks":480,"travelersbackpack:standard":1,"minecraft:wooden_pickaxe":4,"minecraft:iron_helmet":6,"minecraft:birch_planks":28,"minecraft:tnt":8,"minecraft:iron_chestplate":1,"minecraft:wooden_hoe":1,"minecraft:diamond_pickaxe":2,"minecraft:charcoal":141,"minecraft:shield":12,"minecraft:stick":320,"minecraft:iron_ingot":88,"minecraft:iron_pickaxe":2,"minecraft:stone_sword":3,"minecraft:gold_ingot":181,"minecraft:wooden_sword":1,"minecraft:oak_door":3,"minecraft:raw_iron":27,"minecraft:furnace":33,"minecraft:mushroom_stew":1,"minecraft:bone_meal":69,"minecraft:oak_trapdoor":2,"minecraft:flint_and_steel":2,"travelersbackpack:white_sleeping_bag":1,"minecraft:iron_axe":5,"minecraft:stone_pickaxe":6,"minecraft:diamond_boots":3,"minecraft:spruce_boat":3,"minecraft:dark_oak_planks":16,"minecraft:wheat":369,"minecraft:cooked_beef":22,"minecraft:diamond_sword":2,"minecraft:enchanting_table":1,"travelersbackpack:backpack_tank":2,"minecraft:iron_sword":2,"minecraft:bowl":4,"minecraft:bucket":6,"minecraft:stone_axe":7,"minecraft:bread":110,"minecraft:air":0,"minecraft:oak_boat":2,"minecraft:gold_nugget":1,"minecraft:golden_apple":29,"minecraft:wooden_axe":1,"minecraft:iron_shovel":2,"minecraft:iron_leggings":7,"minecraft:white_bed":13,"minecraft:torch":628,"minecraft:diamond_chestplate":3},"minecraft:killed_by":{"minecraft:ghast":2,"minecraft:evoker":1,"minecraft:wither_skeleton":1,"minecraft:creeper":7,"minecraft:pillager":1,"minecraft:vindicator":17,"minecraft:zombie":7,"minecraft:illusioner":4,"minecraft:vex":5,"minecraft:husk":12,"minecraft:player":11,"minecraft:spider":2,"minecraft:skeleton":30},"minecraft:broken":{"minecraft:iron_shovel":1,"minecraft:diamond_helmet":1,"minecraft:stone_axe":3,"minecraft:bow":1,"aether:iron_gloves":2,"minecraft:stone_hoe":1,"minecraft:shield":1,"minecraft:iron_pickaxe":1},"minecraft:picked_up":{"minecraft:wooden_axe":1,"minecraft:iron_chestplate":12,"minecraft:birch_door":1,"minecraft:black_carpet":5,"minecraft:wheat":220,"minecraft:chainmail_boots":1,"minecraft:diamond_sword":18,"aether:iron_gloves":11,"minecraft:enchanted_book":14,"minecraft:wither_rose":7,"minecraft:potion":2,"minecraft:knowledge_book":9,"minecraft:stone_brick_stairs":4,"minecraft:brewing_stand":1,"minecraft:polished_deepslate_wall":1,"minecraft:polished_deepslate":2,"minecraft:string":112,"minecraft:dark_oak_trapdoor":16,"aether:diamond_gloves":3,"travelersbackpack:diamond":2,"minecraft:red_nether_bricks":6,"minecraft:iron_leggings":23,"minecraft:beetroot_soup":1,"minecraft:beetroot":42,"minecraft:diamond_leggings":14,"minecraft:gold_nugget":49,"minecraft:cobbled_deepslate":506,"minecraft:bucket":6,"minecraft:spruce_planks":348,"minecraft:eye_armor_trim_smithing_template":7,"minecraft:warped_slab":1,"minecraft:ender_eye":46,"minecraft:calcite":24,"minecraft:iron_pickaxe":18,"minecraft:smooth_quartz":42,"minecraft:melon_slice":15,"minecraft:iron_boots":18,"minecraft:furnace":68,"minecraft:tipped_arrow":4,"minecraft:golden_helmet":2,"minecraft:stick":281,"minecraft:polished_blackstone_stairs":6,"minecraft:torch":337,"minecraft:porkchop":111,"minecraft:diorite":3,"minecraft:warped_planks":16,"minecraft:brown_carpet":3,"minecraft:andesite_wall":1,"minecraft:stone_sword":10,"minecraft:light_gray_bed":1,"minecraft:honey_bottle":1,"minecraft:rotten_flesh":396,"aether:chainmail_gloves":2,"minecraft:glowstone":15,"minecraft:end_rod":5,"securitycraft:blacklist_module":2,"aether:iron_ring":4,"minecraft:blaze_rod":80,"minecraft:obsidian":135,"minecraft:cobblestone":1447,"minecraft:birch_log":25,"minecraft:enchanting_table":1,"minecraft:feather":190,"minecraft:cooked_beef":69,"minecraft:water_bucket":34,"minecraft:andesite":42,"minecraft:brown_wool":2,"minecraft:chiseled_quartz_block":11,"minecraft:potato":15,"minecraft:flint":54,"minecraft:tuff":33,"minecraft:map":4,"minecraft:lapis_lazuli":497,"minecraft:dirt":969,"minecraft:lantern":1,"minecraft:bone":218,"minecraft:bow":33,"minecraft:wheat_seeds":809,"minecraft:raw_gold":164,"aether:cold_aercloud":11,"minecraft:mossy_stone_bricks":3,"minecraft:diamond_helmet":28,"minecraft:cyan_candle":6,"aether:book_of_lore":1,"minecraft:glowstone_dust":13,"minecraft:moss_block":4,"minecraft:oak_planks":392,"minecraft:ghast_tear":1,"minecraft:cooked_porkchop":582,"minecraft:sand":964,"minecraft:crimson_door":2,"minecraft:cyan_bed":20,"minecraft:spectral_arrow":423,"minecraft:mossy_cobblestone":8,"minecraft:dark_prismarine":7,"minecraft:quartz_bricks":56,"minecraft:sugar":11,"minecraft:black_concrete_powder":10,"minecraft:yellow_carpet":8,"minecraft:diamond":171,"minecraft:spruce_boat":17,"minecraft:polished_blackstone_pressure_plate":1,"minecraft:polished_blackstone_button":2,"aether:ambrosium_shard":1,"minecraft:crossbow":6,"aether:swet_ball":3,"minecraft:golden_apple":19,"minecraft:white_concrete":14,"minecraft:emerald":67,"minecraft:bread":907,"minecraft:oak_sapling":1,"minecraft:netherrack":42,"aether:blue_aercloud":3,"minecraft:diamond_pickaxe":35,"minecraft:charcoal":261,"minecraft:coarse_dirt":28,"minecraft:crafting_table":30,"minecraft:allium":1,"minecraft:splash_potion":7,"minecraft:chicken":151,"minecraft:ladder":11,"minecraft:clay_ball":147,"minecraft:rabbit_stew":1,"aether:aether_dirt":1,"minecraft:brown_mushroom":26,"minecraft:wooden_pickaxe":8,"minecraft:stone_brick_wall":3,"minecraft:gold_block":6,"minecraft:diamond_horse_armor":16,"minecraft:shield":33,"minecraft:iron_axe":19,"minecraft:wooden_sword":1,"minecraft:flint_and_steel":10,"minecraft:item_frame":3,"minecraft:iron_shovel":3,"minecraft:warped_fence":1,"minecraft:cyan_carpet":61,"minecraft:blackstone":4,"minecraft:blue_orchid":1,"minecraft:cracked_stone_bricks":9,"minecraft:netherite_sword":12,"minecraft:beef":140,"minecraft:oak_boat":8,"minecraft:cyan_wool":11,"minecraft:poppy":20,"minecraft:light_gray_wool":4,"minecraft:lectern":5,"minecraft:sugar_cane":184,"minecraft:chest":1,"minecraft:egg":173,"aether:iron_pendant":5,"minecraft:raw_iron":97,"minecraft:sandstone":4,"minecraft:stripped_mangrove_wood":13,"minecraft:stone":295,"minecraft:oak_door":14,"aether:golden_parachute":1,"minecraft:bowl":20,"minecraft:cookie":378,"minecraft:carrot":59,"minecraft:redstone":54,"minecraft:iron_horse_armor":4,"minecraft:dark_oak_planks":8,"minecraft:tnt":8,"minecraft:arrow":2134,"minecraft:diamond_chestplate":25,"minecraft:jungle_stairs":3,"minecraft:nether_bricks":135,"minecraft:diamond_boots":28,"minecraft:hay_block":37,"minecraft:stripped_dark_oak_wood":37,"minecraft:saddle":2,"minecraft:gold_ingot":755,"minecraft:totem_of_undying":9,"minecraft:mutton":135,"minecraft:skeleton_skull":7,"minecraft:white_wool":119,"minecraft:bone_block":19,"minecraft:stripped_oak_log":1,"minecraft:golden_carrot":75,"minecraft:glow_ink_sac":8,"minecraft:tripwire_hook":4,"minecraft:leather":86,"minecraft:red_mushroom":14,"minecraft:birch_planks":86,"minecraft:filled_map":11,"minecraft:mushroom_stew":3,"minecraft:oak_log":470,"minecraft:golden_boots":2,"minecraft:yellow_bed":3,"minecraft:gunpowder":46,"minecraft:wooden_hoe":2,"minecraft:deepslate_tile_slab":6,"minecraft:paper":1,"minecraft:white_banner":1,"minecraft:cooked_mutton":206,"minecraft:apple":93,"minecraft:stone_bricks":117,"minecraft:iron_ingot":335,"minecraft:stone_pickaxe":18,"minecraft:cooked_chicken":148,"minecraft:glass_bottle":6,"minecraft:iron_sword":26,"minecraft:book":343,"minecraft:warped_fungus":6,"minecraft:sweet_berries":4,"minecraft:chiseled_stone_bricks":3,"minecraft:stone_brick_slab":1,"minecraft:dandelion":6,"minecraft:raw_iron_block":3,"minecraft:gravel":672,"minecraft:lava_bucket":23,"minecraft:amethyst_shard":60,"minecraft:spruce_sapling":49,"minecraft:white_bed":14,"minecraft:spruce_log":1919,"minecraft:spider_eye":37,"minecraft:diamond_shovel":16,"minecraft:white_concrete_powder":5,"minecraft:slime_ball":8,"minecraft:stone_axe":30,"minecraft:iron_helmet":14,"minecraft:diamond_axe":17,"minecraft:gray_wool":3,"minecraft:warped_roots":27,"minecraft:baked_potato":7,"minecraft:black_wool":3,"minecraft:smooth_quartz_slab":7,"minecraft:coal":712,"minecraft:ender_pearl":40},"minecraft:killed":{"minecraft:cave_spider":2,"minecraft:zombified_piglin":4,"minecraft:witch":7,"minecraft:spider":28,"minecraft:skeleton":51,"minecraft:chicken":69,"minecraft:silverfish":6,"minecraft:illusioner":4,"aether:blue_swet":1,"minecraft:magma_cube":1,"minecraft:pig":45,"minecraft:zombie_villager":8,"minecraft:iron_golem":2,"minecraft:creeper":24,"minecraft:sheep":51,"minecraft:pillager":16,"minecraft:zombie":130,"minecraft:stray":3,"minecraft:ghast":14,"minecraft:blaze":14,"minecraft:cow":35,"minecraft:vex":4,"minecraft:evoker":1,"aether:golden_swet":2,"minecraft:vindicator":21,"minecraft:slime":4,"minecraft:husk":50,"aether:cockatrice":1,"minecraft:ravager":2,"minecraft:wither_skeleton":1,"minecraft:villager":1},"minecraft:mined":{"minecraft:spruce_planks":5,"minecraft:white_bed":12,"aether:cold_aercloud":5,"minecraft:cobblestone_stairs":1,"minecraft:obsidian":8,"minecraft:stone_brick_wall":4,"minecraft:grass_block":111,"minecraft:yellow_carpet":1,"minecraft:light_gray_bed":1,"minecraft:polished_blackstone_pressure_plate":1,"minecraft:chiseled_stone_bricks":2,"minecraft:spawner":4,"minecraft:raw_iron_block":3,"minecraft:iron_ore":2,"minecraft:dark_oak_trapdoor":4,"minecraft:fire":202,"minecraft:cobbled_deepslate":4,"minecraft:deepslate_lapis_ore":8,"minecraft:stripped_dark_oak_wood":11,"minecraft:enchanting_table":1,"minecraft:flowering_azalea_leaves":1,"minecraft:dirt_path":2,"minecraft:stripped_mangrove_wood":3,"minecraft:blue_orchid":1,"minecraft:brown_mushroom":19,"minecraft:soul_fire":171,"minecraft:clay":1,"minecraft:chiseled_quartz_block":1,"minecraft:torch":10,"minecraft:jungle_stairs":1,"minecraft:calcite":5,"minecraft:chest":1,"minecraft:dead_bush":1,"minecraft:smooth_quartz_slab":1,"minecraft:cobblestone":34,"minecraft:oak_planks":13,"minecraft:sugar_cane":100,"minecraft:cyan_bed":19,"minecraft:iron_door":1,"minecraft:wall_torch":1,"travelersbackpack:diamond":2,"minecraft:warped_nylium":3,"minecraft:birch_log":10,"minecraft:wheat":109,"aether:aether_grass_block":1,"minecraft:warped_fungus":1,"minecraft:tnt":1,"minecraft:birch_door":1,"minecraft:stone_brick_stairs":4,"minecraft:wither_rose":1,"minecraft:grass":541,"minecraft:oak_log":188,"minecraft:dirt":99,"minecraft:sand":630,"minecraft:smooth_quartz":42,"minecraft:red_mushroom_block":6,"aether:ambrosium_ore":1,"minecraft:netherrack":23,"minecraft:deepslate":227,"minecraft:cyan_candle":1,"minecraft:oak_leaves":9,"minecraft:infested_deepslate":1,"minecraft:tuff":21,"minecraft:deepslate_diamond_ore":62,"minecraft:oak_door":4,"minecraft:nether_bricks":90,"minecraft:spruce_leaves":197,"minecraft:moss_block":3,"minecraft:large_fern":5,"minecraft:hay_block":31,"minecraft:black_stained_glass_pane":2,"minecraft:furnace":21,"minecraft:nether_sprouts":14,"minecraft:andesite":9,"minecraft:bookshelf":7,"minecraft:deepslate_iron_ore":81,"minecraft:stripped_oak_log":1,"minecraft:stone":596,"minecraft:bone_block":11,"minecraft:white_wool":7,"minecraft:podzol":1,"minecraft:infested_stone_bricks":5,"minecraft:stone_brick_slab":1,"minecraft:dandelion":3,"minecraft:crafting_table":12,"minecraft:warped_roots":11,"minecraft:lectern":1,"minecraft:tall_grass":149,"minecraft:deepslate_coal_ore":4,"minecraft:lapis_ore":6,"minecraft:deepslate_gold_ore":71,"minecraft:birch_planks":1,"minecraft:coarse_dirt":10,"minecraft:spruce_log":436,"minecraft:coal_ore":220,"minecraft:cyan_carpet":28,"minecraft:gravel":93,"minecraft:cobweb":10,"minecraft:cracked_stone_bricks":7,"minecraft:polished_andesite":2,"minecraft:stone_bricks":90,"minecraft:small_dripleaf":1,"minecraft:mossy_stone_bricks":2,"minecraft:fern":23},"minecraft:custom":{"minecraft:animals_bred":25,"minecraft:interact_with_crafting_table":190,"minecraft:open_barrel":37,"minecraft:bell_ring":6,"minecraft:eat_cake_slice":18,"minecraft:leave_game":29,"minecraft:time_since_death":25107,"minecraft:damage_resisted":184,"minecraft:sprint_one_cm":3107016,"minecraft:damage_blocked_by_shield":14622,"minecraft:drop":173,"minecraft:talked_to_villager":7,"minecraft:play_time":986315,"minecraft:deaths":116,"minecraft:jump":19789,"minecraft:enchant_item":9,"minecraft:walk_on_water_one_cm":113094,"minecraft:interact_with_furnace":361,"minecraft:traded_with_villager":1,"minecraft:interact_with_loom":1,"minecraft:sleep_in_bed":31,"minecraft:open_enderchest":3,"minecraft:damage_dealt":100418,"minecraft:player_kills":1,"minecraft:crouch_one_cm":71528,"minecraft:interact_with_smoker":25,"minecraft:interact_with_smithing_table":1,"minecraft:inspect_dispenser":10,"minecraft:interact_with_anvil":7,"minecraft:mob_kills":616,"minecraft:damage_dealt_resisted":191,"minecraft:climb_one_cm":30648,"minecraft:walk_one_cm":2055180,"minecraft:sneak_time":32002,"minecraft:walk_under_water_one_cm":83067,"minecraft:boat_one_cm":224989,"minecraft:interact_with_lectern":1,"minecraft:interact_with_blast_furnace":2,"minecraft:total_world_time":986315,"minecraft:tune_noteblock":32,"minecraft:time_since_rest":25185,"minecraft:damage_taken":60020,"minecraft:damage_absorbed":241,"minecraft:trigger_trapped_chest":2,"minecraft:swim_one_cm":100616,"minecraft:fly_one_cm":3876272,"minecraft:open_chest":385,"minecraft:fall_one_cm":491364},"minecraft:used":{"minecraft:iron_shovel":263,"minecraft:black_carpet":3,"minecraft:bone_block":1,"minecraft:shield":217,"minecraft:chest":13,"minecraft:stone":4,"minecraft:iron_sword":210,"travelersbackpack:diamond":1,"minecraft:rotten_flesh":32,"minecraft:iron_chestplate":2,"minecraft:mutton":5,"minecraft:nether_bricks":92,"minecraft:carrot":3,"minecraft:tuff":28,"minecraft:milk_bucket":1,"minecraft:honey_bottle":2,"minecraft:spruce_boat":5,"minecraft:lava_bucket":16,"minecraft:stripped_dark_oak_wood":5,"minecraft:lantern":1,"minecraft:iron_helmet":1,"minecraft:stone_bricks":60,"minecraft:item_frame":2,"minecraft:rabbit_stew":1,"minecraft:bow":270,"minecraft:oak_sapling":1,"minecraft:furnace":49,"minecraft:egg":66,"minecraft:potato":4,"minecraft:diorite":1,"minecraft:diamond_boots":1,"minecraft:stone_pickaxe":133,"minecraft:oak_planks":42,"minecraft:blackstone":4,"minecraft:wooden_pickaxe":92,"minecraft:sugar_cane":150,"minecraft:diamond_axe":244,"minecraft:golden_apple":6,"minecraft:white_wool":3,"minecraft:stripped_mangrove_wood":1,"minecraft:sand":562,"minecraft:mushroom_stew":3,"aether:blue_aercloud":2,"minecraft:cyan_carpet":13,"minecraft:bread":220,"minecraft:cyan_bed":20,"minecraft:lectern":2,"minecraft:gravel":19,"minecraft:diamond_sword":829,"minecraft:wooden_sword":4,"minecraft:netherite_sword":95,"minecraft:stone_sword":6,"minecraft:birch_log":3,"minecraft:coarse_dirt":1,"minecraft:oak_trapdoor":2,"minecraft:white_concrete":2,"minecraft:oak_boat":2,"minecraft:bone_meal":69,"minecraft:enchanting_table":2,"minecraft:flint_and_steel":56,"aether:cold_aercloud":5,"aether:aether_dirt":1,"minecraft:spruce_planks":58,"minecraft:stone_hoe":146,"minecraft:cooked_chicken":19,"minecraft:netherrack":15,"minecraft:oak_door":6,"minecraft:torch":616,"minecraft:dirt":230,"minecraft:diamond_helmet":4,"minecraft:yellow_carpet":6,"minecraft:birch_door":1,"minecraft:andesite_wall":1,"minecraft:dark_oak_planks":2,"minecraft:wooden_axe":22,"minecraft:bookshelf":15,"minecraft:iron_axe":440,"minecraft:iron_boots":2,"minecraft:smooth_quartz":42,"minecraft:diamond_chestplate":1,"minecraft:light_gray_wool":1,"minecraft:glowstone":15,"minecraft:golden_carrot":15,"minecraft:beef":1,"minecraft:cooked_beef":6,"minecraft:cobbled_deepslate":99,"minecraft:knowledge_book":6,"minecraft:beetroot_soup":1,"minecraft:iron_leggings":2,"minecraft:calcite":9,"minecraft:quartz_bricks":18,"minecraft:wheat_seeds":28,"minecraft:cooked_mutton":12,"minecraft:water_bucket":85,"minecraft:birch_planks":34,"minecraft:baked_potato":5,"minecraft:tnt":6,"minecraft:crafting_table":40,"minecraft:white_bed":25,"minecraft:spruce_log":10,"minecraft:smoker":5,"minecraft:oak_log":2,"minecraft:wooden_hoe":27,"minecraft:black_wool":1,"minecraft:diamond_pickaxe":1079,"minecraft:ender_eye":4,"minecraft:apple":1,"minecraft:diamond_shovel":579,"minecraft:chicken":2,"minecraft:iron_pickaxe":430,"minecraft:map":1,"minecraft:spruce_sapling":12,"minecraft:stone_axe":466,"minecraft:cobblestone":128,"minecraft:porkchop":3,"minecraft:cooked_porkchop":130,"minecraft:bucket":109,"minecraft:wither_rose":1,"minecraft:yellow_bed":1,"minecraft:diamond_leggings":1,"minecraft:splash_potion":1}},"DataVersion":3465}